epoch,train_loss,val_loss,train_auc,val_auc,train_acc,val_acc,train_precision,val_precision,train_recall,val_recall,train_f1,val_f1
0,0.263093341210744,0.21332428444382603,0.8584926167379276,0.8936008266872292,0.8898932222955145,0.911359869321867,0.8190159096498364,0.8380469139910165,0.7858348610531284,0.8525131155863936,0.8020823684161773,0.8452181208053692
1,0.20538470604135053,0.2153988756650796,0.8927846065652082,0.8765767745154601,0.9155105953166227,0.9121766076533186,0.8590890530457701,0.8846371347785108,0.8402040334731071,0.7942122186495176,0.8495416043389283,0.8369894774389156
2,0.17882307152949412,0.21639981948159223,0.9071392941759606,0.8896275096883138,0.9268995300131926,0.9152513872540777,0.8787216708635758,0.8656492589978828,0.8614161508721616,0.8303435437468268,0.8699828599187909,0.8476289194091734
3,0.15195777513932113,0.21345408215113212,0.9229680504075668,0.8956041766235536,0.9390717760554089,0.9200076869490019,0.8982492313923305,0.8740525295258241,0.8857101365088585,0.8391436791335252,0.8919356165510434,0.8562424451735452
4,0.12349722038531838,0.21891914033816637,0.9387789358912834,0.8890379163650612,0.9514450032981531,0.915467582694756,0.9186790619212645,0.8682225574585145,0.9094737606418705,0.8278896598409207,0.914053235546312,0.8475765582362368
5,0.04881388028115427,0.30891552786885595,0.9701638432544333,0.9008801537575255,0.9829372114116095,0.9193350789113358,0.9726409928819127,0.8577469553450608,0.967116127978513,0.8581824335759012,0.9698706924007898,0.8579646392014212
