epoch,train_loss,val_loss,train_auc,val_auc,train_acc,val_acc,train_precision,val_precision,train_recall,val_recall,train_f1,val_f1
0,0.24837836359767612,0.21356337933452582,0.8671272449712479,0.8728545571289908,0.8954640089050132,0.9116000864781763,0.8252387270382897,0.8922305764411027,0.8015573383671544,0.7832120494161449,0.813225666853886,0.8341744772891132
1,0.17922402083834432,0.1973403941359988,0.9070511591355962,0.8962563291286013,0.9266006348944591,0.9203199692522039,0.8774465411129798,0.8739333157385414,0.8618210862619808,0.8405821628025046,0.869563624708091,0.8569333620875567
2,0.11495286326039593,0.23361738693494738,0.9428146932250212,0.8886820840534381,0.9538052440633246,0.9169329073482428,0.9196906278434941,0.8765765765765766,0.9173867266918385,0.8233203587747504,0.9185372325923772,0.8491142333536957
3,0.06252218070157403,0.29355134453875886,0.9709783004370095,0.895240281727725,0.9762790649736148,0.9133056282879723,0.9577597620472641,0.8430995569673159,0.9587160960023238,0.8534438991369098,0.9582376904163529,0.8482401917497162
4,0.043131972897163834,0.33280531860933715,0.9805900628386752,0.8966421467032228,0.9841688654353562,0.9062432438924788,0.9719541397576373,0.8103191405943699,0.9723069105691057,0.8744288373667287,0.9721304931596327,0.8411542061780147
5,0.036609181878095524,0.36427933160512727,0.9833234341121952,0.9013889864129008,0.9865033393799473,0.9081409594273223,0.976480203414457,0.8088394374903415,0.9759661638439616,0.8857674733457438,0.9762231159611072,0.8455573505654281
6,0.011289491267791288,0.4269081483040851,0.9950884444068192,0.8962179307342583,0.9961040567282322,0.9174854068077543,0.9935323292698436,0.8601873335051989,0.9927387586907982,0.8470130309697073,0.9931353854535548,0.8535493498188019
