epoch,train_loss,val_loss,train_auc,val_auc,train_acc,val_acc,train_precision,val_precision,train_recall,val_recall,train_f1,val_f1
0,0.27089899923016664,0.21338198569387662,0.8834415127446676,0.8723421484254568,0.908364939769125,0.9624851475367823,0.8943616711569269,0.9362612263538872,0.7978884400608393,0.7966945378643026,0.826980966174493,0.8078949422346041
1,0.23871821892810596,0.21131808593148413,0.8747225221400018,0.8876523887729372,0.912876831604346,0.9459085378802915,0.8949700242740057,0.9257131336270265,0.861258974343284,0.7772018003132366,0.8039202066079213,0.9085000504908843
2,0.21719777215279698,0.2131249882681802,0.9539962744987749,0.8728281872589267,0.9172667291920461,0.8744344906119155,0.9841883861383807,0.9079325793776848,0.9129795043158099,0.8733679167524646,0.8491142094952863,0.8743226379678359
3,0.19798888620268837,0.21012424402417373,1.0208887027994498,0.879912184880394,0.9128193598457909,0.876498302779219,0.9704726743866195,0.8407185999167804,0.9362181937424063,0.8812141186449618,0.8953910617189829,0.8437003961745998
4,0.15019981060118673,0.21212133090086716,1.032260550850193,0.890212319697992,0.9271524533848324,0.9760643544207088,0.9649957791322445,0.8616553532479484,1.0094438485287205,0.8179345280695548,1.0397236861823367,0.8754244929750147
5,0.1300191161386159,0.2101234209881781,0.9616746947196733,0.9038267802069926,0.921667676128284,0.9377047522894074,0.9161231209840174,0.7910096002211142,1.0194873830902975,0.8277252130641785,0.9702634289536091,0.8114542220640147